Grouping,Subgrouping,RA2025
IBR,Power system evolution with high IBR shares,1
IBR,Power system evolution with high IBR shares,2
IBR,Power system evolution with high IBR shares,3
IBR,IBR design standards and capabilities,4
IBR,IBR design standards and capabilities,5
IBR,IBR design standards and capabilities,6
Stability,Tools for real-time operation of IBR dominated systems,7
Stability,Methods for planning and operation of low-inertia systems,8
Stability,Methods for planning and operation of low-inertia systems,9
Stability,Methods for planning and operation of low-inertia systems,10
Stability,Methods for planning and operation of low-inertia systems,11
DER,"DER Aggregation, measurement & control",12
DER,"DER Aggregation, measurement & control",13
DER,Data and control architecture,14
DER,Data and control architecture,15
DER,Bulk system services,16
DER,Bulk system services,17
DER,Bulk system services,18
CROF,Flexibility assessment,19
CROF,Flexibility assessment,20
CROF,Flexibility assessment,21
CROF,Data and digital architecture,22
CROF,Data and digital architecture,23
CROF,Security assessment,24
CROF,Security assessment,25
CROF,Visualization,26
CROF,Forecasting,27
System Services,System needs,28
System Services,System needs,29
System Services,System needs,30
System Services,System needs,31
System Services,Services design,32
System Services,Services design,33
System Services,Services design,34
System Services,Services design,35
System Services,Services design,36
Planning,Planning under uncertainty,37
Planning,Planning under uncertainty,38
Planning,Planning under uncertainty,39
Planning,Planning under uncertainty,40
Planning,Planning under uncertainty,41
Planning,Resource Adequacy,42
Planning,Resource Adequacy,43
Planning,Resource Adequacy,44
Planning,Resource Adequacy,45
Planning,Extreme events,46
Planning,Extreme events,47
Planning,Extreme events,48
