RA2025,Questions - long,Question_Cleaned
1,"What is the future of MW balance as the synchronous generation fraction reduces? Might tightened or loosened frequency limits lead to a more reliable, secure, lower-cost IBR-based power system?","what is the future of mw balance as the synchronous generation fraction reduces might tightened or loosened frequency limits lead to a more reliable, secure, lower-cost ibr-based power system"
2,"How will protection systems need to change to accommodate high penetrations of IBRs, and what possible actions might an inverter take during a fault that would help fault detection and location?","how will protection systems need to change to accommodate high penetrations of ibrs, and what possible actions might an inverter take during a fault that would help fault detection and location"
3,How could the IBR control paradigm change from replicating synchronous machines to exploiting wider IBR flexibility without introducing integration challenges during the transition?,how could the ibr control paradigm change from replicating synchronous machines to exploiting wider ibr flexibility without introducing integration challenges during the transition
4,"What are the appropriate inverter capabilities and, consequently, control design methods for operation in grids with high percentages of IBRs? Are standard configurations and combinations of services helpful in simplifying operational decision-making?","what are the appropriate inverter capabilities and, consequently, control design methods for operation in grids with high percentages of ibrs are standard configurations and combinations of services helpful in simplifying operational decision-making"
5,"What recommendations for standard IBR frequency characteristics and responses should be identified to help system design? For example, should a contribution to damping be mandatory at certain frequencies?","what recommendations for standard ibr frequency characteristics and responses should be identified to help system design for example, should a contribution to damping be mandatory at certain frequencies"
6,What impedance requirements should be placed on IBRs to control negative sequence currents for protection and harmonics suppression?,what impedance requirements should be placed on ibrs to control negative sequence currents for protection and harmonics suppression
7,What approaches can be taken to track the dynamic response of IBR-dominated systems near real time and detect any emerging stability problems?,what approaches can be taken to track the dynamic response of ibr-dominated systems near real time and detect any emerging stability problems
8,What methods and analyses can be used to identify the risk of poorly damped IBR-induced oscillations in planning studies and trace their root cause?,what methods and analyses can be used to identify the risk of poorly damped ibr-induced oscillations in planning studies and trace their root cause
9,What analytical tools and models should be provided to planners and operators for robust assessment of system performance in IBR-dominated power grids?,what analytical tools and models should be provided to planners and operators for robust assessment of system performance in ibr-dominated power grids
10,What methods and tools should be used in planning and/or operation to determine the appropriate mix and capabilities of grid-forming and grid-following inverters to mitigate stability problems for a given power system?,what methods and tools should be used in planning and/or operation to determine the appropriate mix and capabilities of grid-forming and grid-following inverters to mitigate stability problems for a given power system
11,In what form and fidelity should the original equipment manufacturers/developers and system operators exchange the IBR and grid models for comprehensive stability assurance of IBR-dominated grids?,in what form and fidelity should the original equipment manufacturers/developers and system operators exchange the ibr and grid models for comprehensive stability assurance of ibr-dominated grids
12,"What quantities must be monitored, screened, and validated to ensure reliable service provision from different DER categories aggregated as flexibility resources in distribution systems, supporting stable system operation? What are the appropriate spatial and temporal resolutions to monitor DER effectively? What are the appropriate technical means of achieving this level of aggregation?","what quantities must be monitored, screened, and validated to ensure reliable service provision from different der categories aggregated as flexibility resources in distribution systems, supporting stable system operation what are the appropriate spatial and temporal resolutions to monitor der effectively what are the appropriate technical means of achieving this level of aggregation"
13,"What is the communication capability needed to support monitoring and coordination of DER? What is the suitability of existing communications infrastructure – in terms of reliability, latency, bandwidth, (cyber)security – relative to investing in a bespoke system? For DER purposes, what 2-way communication protocols are necessary? How does this vary by coordination architecture, level of access, and approach to aggregation?","what is the communication capability needed to support monitoring and coordination of der what is the suitability of existing communications infrastructure  in terms of reliability, latency, bandwidth, (cyber)security  relative to investing in a bespoke system for der purposes, what 2-way communication protocols are necessary how does this vary by coordination architecture, level of access, and approach to aggregation"
14,"What is a suitable, scalable data architecture for DER monitoring, modelling, and coordination in real-time? Once DER resources have been aggregated spatially and temporally, how should this information be provided to the control room? Can DER categories be developed that allow groupings based on their ensemble response to system level events and/or level of access by system operators?","what is a suitable, scalable data architecture for der monitoring, modelling, and coordination in real-time once der resources have been aggregated spatially and temporally, how should this information be provided to the control room can der categories be developed that allow groupings based on their ensemble response to system level events and/or level of access by system operators"
15,"What are the relative merits of different coordination architectures for DER? What might an efficient architecture be for DER which: (1) makes use of appropriate device characterizations and real-time monitoring data; (2) accounts for practical constraints around device-level communication; (3) accounts for different types of aggregators and different DER objectives, and (4) accounts for heterogeneous subgroups of DER and various existing DSO/TSO schemes?","what are the relative merits of different coordination architectures for der what might an efficient architecture be for der which: (1) makes use of appropriate device characterizations and real-time monitoring data; (2) accounts for practical constraints around device-level communication; (3) accounts for different types of aggregators and different der objectives, and (4) accounts for heterogeneous subgroups of der and various existing dso/tso schemes"
16," What mechanisms and appropriate aggregate DER models are necessary to accurately model and account for DER in system-wide planning for reliability and technoeconomic evaluation? What data is necessary to accurately model various approaches for DER coordination, including influence on system performance requirements? How can DERs and distribution system impacts be effectively captured within in bulk-scale modeling? What approaches are needed to capture situations where location, transmission constraints, or ease/speed of interconnection suggest expanding distribution-connected capacity to support bulk system needs.","what mechanisms and appropriate aggregate der models are necessary to accurately model and account for der in system-wide planning for reliability and technoeconomic evaluation what data is necessary to accurately model various approaches for der coordination, including influence on system performance requirements how can ders and distribution system impacts be effectively captured within in bulk-scale modeling what approaches are needed to capture situations where location, transmission constraints, or ease/speed of interconnection suggest expanding distribution-connected capacity to support bulk system needs."
17,"How can system operators quantify the bulk-level energy and service opportunities from DER? Are there additional services or needs driven by DER?  What are the practical and technical limitations to the reliable provision of various bulk services provided by DERs? How can DER services be shared among distribution operators, bulk operators, and (where applicable) customers? How do the these vary among DER technology type and by who is driving the DER operations (customer, distribution, bulk system, uncontrolled)","how can system operators quantify the bulk-level energy and service opportunities from der are there additional services or needs driven by der what are the practical and technical limitations to the reliable provision of various bulk services provided by ders how can der services be shared among distribution operators, bulk operators, and (where applicable) customers how do the these vary among der technology type and by who is driving the der operations (customer, distribution, bulk system, uncontrolled)"
18,How can bulk-level services provided by DER be valued? What DER bulk-level service valuation methodologies are best suited as a compromise between simplicity and full cost-reflectiveness?,how can bulk-level services provided by der be valued what der bulk-level service valuation methodologies are best suited as a compromise between simplicity and full cost-reflectiveness
19,"How can the capabilities of grid-enhancing technologies (such as FACTS, SPS, RAS, DLR, PFC, WAMPAC[1]) be integrated into the operational decision-making process?","how can the capabilities of grid-enhancing technologies (such as facts, sps, ras, dlr, pfc, wampac1) be integrated into the operational decision-making process"
20,"How can grid topology be flexibly adapted to be integrated into the operational decision-making process with outage scheduling, transfer limit increase, and post contingency remedial actions?","how can grid topology be flexibly adapted to be integrated into the operational decision-making process with outage scheduling, transfer limit increase, and post contingency remedial actions"
21,"What applications are required to assess adequate flexibility from all resources, including those on the transmission, distribution and coupled energy systems (e.g., heat, electric vehicles, etc.) in the near term, and how can these resources be applied to address uncertainty during real-time applications?","what applications are required to assess adequate flexibility from all resources, including those on the transmission, distribution and coupled energy systems (e.g., heat, electric vehicles, etc.) in the near term, and how can these resources be applied to address uncertainty during real-time applications"
22,"What type of digital architecture is necessary to enable the variety of software required to operate a control room in real time, near-real time, and in auto pilot mode?","what type of digital architecture is necessary to enable the variety of software required to operate a control room in real time, near-real time, and in auto pilot mode"
23,"What is the best way to integrate large datasets, streaming information, and historical system performance to create actionable operational insights?","what is the best way to integrate large datasets, streaming information, and historical system performance to create actionable operational insights"
24,How can the risk of high-impact low-probability events (weather-related and otherwise) be incorporated into security assessments in real time and operations planning?,how can the risk of high-impact low-probability events (weather-related and otherwise) be incorporated into security assessments in real time and operations planning
25,"What metrics and their definitions (system strength, inertia, or others) can be monitored or calculated to assess system dynamic behavior in real time?","what metrics and their definitions (system strength, inertia, or others) can be monitored or calculated to assess system dynamic behavior in real time"
26,What improvements can be made to visualization methodologies in operational applications within the control room to support decision-making in real-time operations?,what improvements can be made to visualization methodologies in operational applications within the control room to support decision-making in real-time operations
27,"How can probabilistic forecasting techniques be better incorporated into operational decision-support tools and used consistently across multiple stages (e.g., real-time, day-ahead, intraday planning)?","how can probabilistic forecasting techniques be better incorporated into operational decision-support tools and used consistently across multiple stages (e.g., real-time, day-ahead, intraday planning)"
28,"What system services are needed across different timescales? To the extent services coexist within the same timescale, how should these services be designed to avoid competition and overlap?","what system services are needed across different timescales to the extent services coexist within the same timescale, how should these services be designed to avoid competition and overlap"
29,"What are the needs of a power system expressed in technologically neutral form and how to these needs map to services that any resource (including IBRs, DERs, high-voltage DC links, etc.) can provide?","what are the needs of a power system expressed in technologically neutral form and how to these needs map to services that any resource (including ibrs, ders, high-voltage dc links, etc.) can provide"
30,How can system performance requirements be translated into reliable new technology solutions?,how can system performance requirements be translated into reliable new technology solutions
31,"For each service, how feasible is it to provide from IBR, what “cost” does it add, and what limitations exist on its magnitude and duration of service?","for each service, how feasible is it to provide from ibr, what cost does it add, and what limitations exist on its magnitude and duration of service"
32,"How should system restoration services be structured and organized in systems with few or no synchronous machines, relying on IBR technologies and variable energy resources?","how should system restoration services be structured and organized in systems with few or no synchronous machines, relying on ibr technologies and variable energy resources"
33,"How should the definitions of services for IBR-dominated grids be structured? Can standard services and standard characteristics be defined as reasonable for large and small IBRs and across variable renewable energy, storage, and demand response interfaces?","how should the definitions of services for ibr-dominated grids be structured can standard services and standard characteristics be defined as reasonable for large and small ibrs and across variable renewable energy, storage, and demand response interfaces"
34,What methods could determine the need and sufficiency of IBR voltage control and system strength services for a given area?,what methods could determine the need and sufficiency of ibr voltage control and system strength services for a given area
35,"What models and methods are necessary to quantify the ability of variable renewable energy to provide essential reliability services to the grid, and how do system operators quantify the value of these reliability services (for example, as an input to system-specific market/incentive design questions)?","what models and methods are necessary to quantify the ability of variable renewable energy to provide essential reliability services to the grid, and how do system operators quantify the value of these reliability services (for example, as an input to system-specific market/incentive design questions)"
36,What system services can be designed to enable very fast frequency response to substitute for inertia? ,what system services can be designed to enable very fast frequency response to substitute for inertia
37,"What additional probabilistic planning methods and tools are necessary for planning a power system with a high share of IBRs and in particular, variable renewable energy resources?","what additional probabilistic planning methods and tools are necessary for planning a power system with a high share of ibrs and in particular, variable renewable energy resources"
38,What additional planning models and methods are needed to plan for various levels of uncertainty and no-regrets investments in a paradigm of increasing electrification and growing IBR and DER penetrations?,what additional planning models and methods are needed to plan for various levels of uncertainty and no-regrets investments in a paradigm of increasing electrification and growing ibr and der penetrations
39,"What changes can be incorporated into the transmission planning process, especially inter-regional planning, to unlock multi-value system benefits and accommodate new drivers of uncertainty (e.g., large growth due to electrification or low growth due to increased use of DERs)?","what changes can be incorporated into the transmission planning process, especially inter-regional planning, to unlock multi-value system benefits and accommodate new drivers of uncertainty (e.g., large growth due to electrification or low growth due to increased use of ders)"
40,"What methods, processes, and products can support effective procurement, integration, and valuation of long-duration electricity storage?","what methods, processes, and products can support effective procurement, integration, and valuation of long-duration electricity storage"
41,"What additional load and resource forecasting models are necessary to account for electrification, including large loads (e.g., data/compute centers), coupling of the transportation and building sectors, and demand-side flexibility?","what additional load and resource forecasting models are necessary to account for electrification, including large loads (e.g., data/compute centers), coupling of the transportation and building sectors, and demand-side flexibility"
42,What studies and metrics are required to identify long-term scarcity of capacity to maintain reliability? ,what studies and metrics are required to identify long-term scarcity of capacity to maintain reliability
43,How should sufficient black-start capability and the performance and integrity of the protection system be modeled in long-term reliability studies?,how should sufficient black-start capability and the performance and integrity of the protection system be modeled in long-term reliability studies
44,What technical models need to be added to long-term planning methods and studies to consider other reliability services in addition to traditional resource adequacy and deliverability?,what technical models need to be added to long-term planning methods and studies to consider other reliability services in addition to traditional resource adequacy and deliverability
45,"What studies and metrics are required to evaluate resource adequacy with hybrid plants (e.g., photovoltaics-plus-storage) and virtual power plants?","what studies and metrics are required to evaluate resource adequacy with hybrid plants (e.g., photovoltaics-plus-storage) and virtual power plants"
46,"What additional methods, tools, and metrics are necessary to incorporate resilience concepts and the ability to recover and adapt to adverse conditions, considering uncertain future states into planning a power system with a high share of renewables?","what additional methods, tools, and metrics are necessary to incorporate resilience concepts and the ability to recover and adapt to adverse conditions, considering uncertain future states into planning a power system with a high share of renewables"
47,"How do system operators adequately account for extreme events in planning studies, particularly those that impact the system with a high share of flexible resources in both supply and demand (wind, solar, demand-side flexibility)?","how do system operators adequately account for extreme events in planning studies, particularly those that impact the system with a high share of flexible resources in both supply and demand (wind, solar, demand-side flexibility)"
48,"What additional planning models and methods are needed to plan for a system that can withstand expected or unexpected lulls in the weather driving much of the resource mix (e.g., an extended wind drought)?","what additional planning models and methods are needed to plan for a system that can withstand expected or unexpected lulls in the weather driving much of the resource mix (e.g., an extended wind drought)"
